gpsidx,accidx,date,time,speed,kspeed,accSpeed,d_sec,accdist,sentime,azimuth,pitch,roll,light,gps_lat,gps_lon,alti,accuracy,acc_x,acc_y,acc_z,kacc_x,kacc_y,kacc_z,mag_x,mag_y,mag_z,gyro_x,gyro_y,gyro_z,user_name
0,2,2017-03-03,08:15:54,0.000000,0.000000,3.124276,0,0.000000,08:15:53,34.48553466796875,9.666023254394531,-23.68950843811035,0.2719298303127289,33.94605312147061,-118.1040868474385,49.67577362060547,30,-0.6629929972357174,0.01637415968330292,0.1977321811683746,-0.6629267052281146,0.016372522447430534,0.1977124101250725,-6.736507415771484,9.666023254394531,-23.68950843811035,-0.02104349998547912,-0.05270901797873927,0.004714860393876284,wonhee
0,3,2017-03-03,08:15:54,0.000000,0.000000,0.569308,0,0.000000,08:15:53,35.78546142578125,10.11227416992188,-23.10590744018555,0.2719298303127289,33.94605312147061,-118.1040868474385,49.67577362060547,30,-0.3377209753394168,-0.005192371156378876,-0.1808840729148184,-0.4925882205345906,0.0050771147671686695,-0.0005914489532534706,-6.401828765869141,10.11227416992188,-23.10590744018555,-0.009366870186026697,-0.02328881110052492,-0.001158475074184469,wonhee
0,4,2017-03-03,08:15:54,0.000000,0.000000,2.516948,0,0.000000,08:15:53,34.71722412109375,9.944938659667969,-23.28098678588867,0.2719298303127289,33.94605312147061,-118.1040868474385,49.67577362060547,30,-0.6082734122335873,-0.01945558910379026,0.1192898062483366,-0.5370293374736862,-0.004347261382877027,0.04546160937664538,-5.788234710693359,9.944938659667969,-23.28098678588867,-0.01408412742488405,-0.02576022459211846,-0.004652276108259421,wonhee
0,5,2017-03-03,08:15:54,0.000000,0.000000,1.163294,0,0.000000,08:15:54,34.73028564453125,9.777610778808594,-22.98919296264648,0.2719298303127289,33.94605312147061,-118.1040868474385,49.67577362060547,30,-0.3421306501811776,0.02634029142387999,-0.1007964945688154,-0.47345022625210664,0.005663515806661766,-0.0022501550635619025,-6.290256500244141,9.777610778808594,-22.98919296264648,-0.004729241463762711,0.01464498915045474,0.003562776906308005,wonhee
0,6,2017-03-03,08:15:54,0.000000,0.000000,2.172711,0,0.000000,08:15:54,34.73989868164062,10.27964782714844,-23.28099060058594,0.2719298303127289,33.94605312147061,-118.1040868474385,49.67577362060547,30,-0.6149751760674089,-0.05023824470336699,0.05674162538537138,-0.5157441136503769,-0.01104239200296309,0.015379186780309171,-6.569156646728516,10.27964782714844,-23.28099060058594,-0.003526025283264911,-0.008579107135581259,-0.003509780000615428,wonhee
0,7,2017-03-03,08:15:54,0.000000,0.000000,1.443044,0,0.000000,08:15:54,34.75189208984375,9.275581359863281,-23.04755401611328,0.2719298303127289,33.94605312147061,-118.1040868474385,49.67577362060547,30,-0.3333524806994881,0.05044665900256155,-0.05919734565933425,-0.4637398777730534,0.0064896134987645765,-0.005884374059394255,-5.341976165771484,9.275581359863281,-23.04755401611328,0.001235973061905774,-0.02078330914697837,0.002303368026809533,wonhee
0,8,2017-03-03,08:15:54,0.000000,0.000000,2.096661,0,0.000000,08:15:54,34.68072509765625,9.387138366699219,-23.16427040100098,0.2719298303127289,33.94605312147061,-118.1040868474385,49.67577362060547,30,-0.6121089270384295,-0.03195747405933665,0.03302156861293207,-0.5049928515383568,-0.004200329600822301,0.004933150487151589,-6.122913360595703,9.387138366699219,-23.16427040100098,-0.003519101064430705,-0.01958275612757066,-0.008213721434022386,wonhee
0,9,2017-03-03,08:15:54,0.000000,0.000000,1.312718,0,0.000000,08:15:54,34.63510131835938,8.996688842773438,-23.57278442382812,0.2719298303127289,33.94605312147061,-118.1040868474385,49.67577362060547,30,-0.3774054934974447,0.003218513762777986,-0.06281572522820136,-0.4699913991360205,-0.0021650943168674565,-0.01365261760989093,-5.732433319091797,8.996688842773438,-23.57278442382812,-5.326322180158476e-06,-0.00611222101784086,-0.004696218266245729,wonhee
1,10,2017-03-03,08:15:55,0.000000,0.000000,0.418194,1,0.000000,08:15:55,34.59906005859375,9.777618408203125,-23.10591125488281,0.2719298303127289,33.94605312147061,-118.1040868474385,49.67577362060547,30,-0.5674075045827686,-0.01664330545290644,0.01732669420928748,-0.49652505546623826,-0.00610858884272888,-0.005214645167992483,-6.959629058837891,9.777618408203125,-23.10591125488281,-0.015225025635874,-0.03066150626230028,0.001204015128824824,wonhee
1,11,2017-03-03,08:15:55,0.000000,0.000000,0.532914,1,0.000000,08:15:55,34.53329467773438,7.881072998046875,-23.22262954711914,0.2719298303127289,33.94605312147061,-118.1040868474385,49.67577362060547,30,-0.4081335998794146,0.008661836235740794,-0.002904815803983732,-0.47254128160566267,-0.0021008424768075287,-0.004587905572461248,-6.290256500244141,7.881072998046875,-23.22262954711914,-0.015225025635874,-0.03066150626230028,0.001204015128824824,wonhee
1,12,2017-03-03,08:15:55,0.000000,0.000000,0.934562,1,0.000000,08:15:55,34.36538696289062,8.606224060058594,-22.46395874023438,0.2719298303127289,33.94605312147061,-118.1040868474385,49.67577362060547,30,-0.5530319329600895,-0.02540124343247922,0.01622364818842911,-0.4943368661910502,-0.008410219421299811,0.001047531248039509,-6.234477996826172,8.606224060058594,-22.46395874023438,-0.01056742320543442,-0.01962563302112093,-0.004661330855965691,wonhee
1,13,2017-03-03,08:15:55,0.000000,0.000000,1.609028,1,0.000000,08:15:55,34.27597045898438,9.387176513671875,-23.51442909240723,0.2719298303127289,33.94605312147061,-118.1040868474385,49.67577362060547,30,-0.3880851641445132,0.02575876313220005,0.03441147297807005,-0.46559679117500413,0.0008321654336688415,0.010072160215696783,-6.680721282958984,9.387176513671875,-23.51442909240723,-0.01406282213616342,-0.03676573779687091,-0.005841377534979801,wonhee
1,14,2017-03-03,08:15:55,0.000000,0.000000,2.013238,1,0.000000,08:15:55,34.27020263671875,8.940940856933594,-21.8803653717041,0.2719298303127289,33.94605312147061,-118.1040868474385,49.67577362060547,30,-0.6312394045160319,-0.03175222275648004,0.0163944814486432,-0.510375659401108,-0.007976510036760314,0.01178130005394808,-6.011348724365234,8.940940856933594,-21.8803653717041,-0.01403912000246171,-0.04043584009510911,-0.002332662798800405,wonhee
3,15,2017-03-03,08:15:56,0.000000,0.000000,4.153308,1,0.000000,08:15:56,34.34466552734375,9.164070129394531,-20.24630165100098,0.2719298303127289,33.94605312147061,-118.1040868474385,49.67577362060547,30,-0.3254575339824463,0.02429233251208204,0.1321184408173149,-0.46040134656277587,0.0007441777206767218,0.04430253562760267,-5.341968536376953,9.164070129394531,-20.24630165100098,-0.003429086219586027,-0.04282123348349308,-5.006742849348968e-05,wonhee
3,16,2017-03-03,08:15:56,0.000000,0.000000,5.446726,1,0.000000,08:15:56,34.525390625,8.996711730957031,-20.77153778076172,0.2719298303127289,33.94605312147061,-118.1040868474385,49.67577362060547,30,-0.5785786979314234,-0.04890319935853009,0.07567500726832288,-0.4923336601552589,-0.012670876818767643,0.052779588049244056,-5.620876312255859,8.996711730957031,-20.77153778076172,-0.005883189164094045,-0.007370032000685284,-0.003495132614619992,wonhee
3,17,2017-03-03,08:15:56,0.000000,0.000000,7.047915,1,0.000000,08:15:56,34.70626831054688,9.554534912109375,-20.18794631958008,0.2719298303127289,33.94605312147061,-118.1040868474385,49.67577362060547,30,-0.3892355317250002,0.01223492532111458,0.09619303056788439,-0.46447828706831573,-0.005941749712398253,0.06450916701209908,-5.955554962158203,9.554534912109375,-20.18794631958008,-0.00116087191916554,-0.01101163847525963,-0.00235503335195707,wonhee
3,18,2017-03-03,08:15:56,0.000000,0.000000,7.838792,1,0.000000,08:15:56,34.87493896484375,8.717826843261719,-21.1800537109375,0.2719298303127289,33.94605312147061,-118.1040868474385,49.67577362060547,30,-0.5870415370724997,-0.02162697233978437,0.04217230520374779,-0.4975912665122409,-0.010179434780445123,0.05847440499431247,-5.899761199951172,8.717826843261719,-21.1800537109375,0.009406551286268878,-0.01216958091722609,-0.009443036593202963,wonhee
3,19,2017-03-03,08:15:56,0.000000,0.000000,9.436403,1,0.000000,08:15:56,35.01361083984375,9.554550170898438,-21.00497436523438,0.2719298303127289,33.94605312147061,-118.1040868474385,49.67577362060547,30,-0.4171872138027189,0.01424576924643094,0.09595453225022074,-0.47586899855820075,-0.003580627769799648,0.06860018024777734,-6.067104339599609,9.554550170898438,-21.00497436523438,0.01183615314874817,-0.02928012460487618,-0.001281779432655137,wonhee
5,20,2017-03-03,08:15:57,0.000000,0.000000,10.831384,1,0.000000,08:15:57,35.07235717773438,8.494712829589844,-21.41349029541016,0.2719298303127289,33.94605312147061,-118.1040868474385,49.67577362060547,30,-0.4714538098236467,-0.0987754769897566,0.08244585261542633,-0.47467618994545036,-0.02929849463025393,0.07234073093368586,-5.565082550048828,8.494712829589844,-21.41349029541016,0.009499761924421651,-0.02440574086170415,0.005767874288893614,wonhee
5,21,2017-03-03,08:15:57,0.000000,0.000000,12.704333,1,0.000000,08:15:57,35.10769653320312,9.554557800292969,-20.77153778076172,0.2719298303127289,33.94605312147061,-118.1040868474385,49.67577362060547,30,-0.5001773499673117,0.06795524130249969,0.1143103903609601,-0.48156554195856477,-0.0030245831353716557,0.08367918602424429,-6.290248870849609,9.554557800292969,-20.77153778076172,0.004695685634027713,0.001250886764010218,-0.002366751260753419,wonhee
5,22,2017-03-03,08:15:57,0.000000,0.000000,13.339204,1,0.000000,08:15:57,35.22055053710938,9.275657653808594,-21.06333351135254,0.2719298303127289,33.94605312147061,-118.1040868474385,49.67577362060547,30,-0.4935247722364507,-0.02810460242615598,0.0317718327571672,-0.4847964161024311,-0.009800135070691402,0.06965603222167513,-5.118831634521484,9.275657653808594,-21.06333351135254,0.007024353691192998,0.003712712875679466,-0.0070613716303451,wonhee
5,23,2017-03-03,08:15:57,0.000000,0.000000,14.285794,1,0.000000,08:15:57,35.2850341796875,9.108322143554688,-21.35512733459473,0.2719298303127289,33.94605312147061,-118.1040868474385,49.67577362060547,30,-0.4822772899481318,0.003815870699165381,0.05255311663183077,-0.48411585697550213,-0.006121678164839683,0.06503556282521396,-6.513355255126953,9.108322143554688,-21.35512733459473,0.00349033892465785,-0.00975515907296025,-0.01526497305222519,wonhee
5,24,2017-03-03,08:15:57,0.000000,0.000000,15.847085,1,0.000000,08:15:57,35.33792114257812,9.387237548828125,-21.1800537109375,0.2719298303127289,33.94605312147061,-118.1040868474385,49.67577362060547,30,-0.4611439204919938,-0.01642561663706134,0.09353318868369606,-0.47790983811714244,-0.008905354522289704,0.07273438280163108,-6.569126129150391,9.387237548828125,-21.1800537109375,-0.009349293322832174,-0.03673883986986111,-0.004694886685700689,wonhee
7,25,2017-03-03,08:15:58,0.000000,0.000000,15.853604,1,0.000000,08:15:58,35.18917846679688,7.769577026367188,-21.938720703125,0.2719298303127289,33.94605312147061,-118.1040868474385,25.70664024353027,30,-0.514221570190018,0.03943362870382396,-0.01011828534267022,-0.48771968443108205,0.004153730499283768,0.050351205387668935,-6.401775360107422,7.769577026367188,-21.938720703125,-0.004651743476041406,-0.04649027051729525,-0.01293657131116891,wonhee
7,26,2017-03-03,08:15:58,0.000000,0.000000,18.952685,1,0.000000,08:15:58,35.13397216796875,8.885223388671875,-21.35512924194336,0.2719298303127289,33.94605312147061,-118.1040868474385,25.70664024353027,30,-0.43369869473914,-0.1065855417123478,0.1960525627654345,-0.47312557347759926,-0.025763182070823305,0.08971334569220576,-6.290218353271484,8.885223388671875,-21.35512924194336,-0.01754011157147988,-0.04290512305783058,0.003539873720933323,wonhee
7,27,2017-03-03,08:15:58,0.000000,0.000000,18.497838,1,0.000000,08:15:58,35.06808471679688,8.606315612792969,-20.71317672729492,0.2719298303127289,33.94605312147061,-118.1040868474385,25.70664024353027,30,-0.5025987260043052,0.102903305900488,-0.04087601742639102,-0.48108793017409185,0.008996875279141298,0.0544338115814286,-6.903820037841797,8.606315612792969,-20.71317672729492,-0.0117365509239792,-0.01474299347856966,3.91484680241648e-05,wonhee
7,28,2017-03-03,08:15:58,0.000000,0.000000,21.695743,1,0.000000,08:15:58,34.9564208984375,8.383186340332031,-21.9970817565918,0.2719298303127289,33.94605312147061,-118.1040868474385,25.70664024353027,30,-0.4416461319476878,-0.07675146407997048,0.2026407716407832,-0.47043248233655194,-0.014168573515863842,0.09447284638931988,-6.122875213623047,8.383186340332031,-21.9970817565918,-0.008202269841335045,-0.0220578980446903,-0.003506051575089317,wonhee
7,29,2017-03-03,08:15:58,0.000000,0.000000,20.856766,1,0.000000,08:15:58,35.00033569335938,9.164115905761719,-21.29676818847656,0.2719298303127289,33.94605312147061,-118.1040868474385,25.70664024353027,30,-0.490433520309581,0.01051918876572343,-0.06648466566811109,-0.4758358872695784,-0.007499020831768317,0.050989172400420946,-6.680690765380859,9.164115905761719,-21.29676818847656,-0.01409637796589842,0.006026467230740308,0.01062867591050624,wonhee
9,30,2017-03-03,08:15:59,0.000000,0.000000,22.607213,1,10.824409,08:15:59,35.07015991210938,8.550506591796875,-21.47184371948242,0.2719298303127289,33.94610234254233,-118.1040028573597,28.34677696228027,10,-0.4882042531080959,0.02810597229834891,0.106143572148175,-0.47917727822402717,0.002119889502181299,0.06588947651669119,-6.513332366943359,8.550506591796875,-21.47184371948242,0.001203748812715816,-0.01955718978110589,-0.004724181457691561,wonhee
9,31,2017-03-03,08:15:59,0.000000,0.000000,23.093196,1,10.824409,08:15:59,35.07879638671875,9.052543640136719,-20.94661331176758,0.2719298303127289,33.94610234254233,-118.1040028573597,28.34677696228027,10,-0.47699953401912,-0.01278469391617027,0.02184596817211128,-0.47858894709053107,-0.0019066763530034107,0.0539908489693778,-6.345989227294922,9.052543640136719,-20.94661331176758,-0.01399011783840425,-0.0343289453994484,0.01290727653917804,wonhee
9,32,2017-03-03,08:15:59,0.000000,0.000000,25.161936,1,10.824409,08:15:59,35.16830444335938,9.443000793457031,-20.65481948852539,0.2719298303127289,33.94610234254233,-118.1040028573597,28.34677696228027,10,-0.515414774851542,-0.02936291610044675,0.1273631647779123,-0.488537673295605,-0.009324150133657502,0.07381283602011202,-6.848026275634766,9.443000793457031,-20.65481948852539,-0.01870737507726161,-0.0245753842231422,0.01646312922665184,wonhee
9,33,2017-03-03,08:15:59,0.000000,0.000000,24.564259,1,10.824409,08:15:59,35.15176391601562,9.052536010742188,-21.18004989624023,0.2719298303127289,33.94610234254233,-118.1040028573597,28.34677696228027,10,-0.470060723629706,-0.1013031728728792,-0.05039802749933986,-0.48354601054604374,-0.03417285459247767,0.04025649951803294,-5.788196563720703,9.052536010742188,-21.18004989624023,-0.01760962007593095,-0.03433906541159071,-0.008161523476656834,wonhee
11,34,2017-03-03,08:16:00,0.000000,1.981225,25.241220,1,15.308004,08:16:00,35.05682373046875,8.383163452148438,-21.76364517211914,0.2719298303127289,33.94614177492537,-118.1039944340082,40.7891960144043,10,-0.4722898921902958,0.1156723673043413,0.03457789027674962,-0.48050510024390075,0.006308763012427429,0.03872238795329047,-6.011302947998047,8.383163452148438,-21.76364517211914,-0.01759390742549948,-0.03067349048720564,-0.002298041704629375,wonhee
11,35,2017-03-03,08:16:00,0.000000,1.981225,25.783878,1,15.308004,08:16:00,35.09103393554688,9.275657653808594,-20.82989883422852,0.2719298303127289,33.94614177492537,-118.1039944340082,40.7891960144043,10,-0.4088975320873275,-0.09594778194109463,0.02562428351655034,-0.46115987086642124,-0.021316477844084483,0.035183853671762015,-6.346004486083984,9.275657653808594,-20.82989883422852,-0.02348082501511964,-0.04048750542025664,-0.008139685555718184,wonhee
11,36,2017-03-03,08:16:00,0.000000,1.981225,26.223494,1,15.308004,08:16:00,35.16604614257812,9.219879150390625,-20.77153968811035,0.2719298303127289,33.94614177492537,-118.1039944340082,40.7891960144043,10,-0.5724768402620302,0.1711262581415164,0.01875485626088594,-0.49123284165438214,0.03067312274486704,0.030745457963584834,-5.955539703369141,9.219879150390625,-20.77153968811035,-0.02115215695795435,-0.03191345829074654,-0.009310677487026025,wonhee
11,37,2017-03-03,08:16:00,0.000000,1.981225,27.150943,1,15.308004,08:16:00,35.12841796875,8.438934326171875,-20.4213809967041,0.2719298303127289,33.94614177492537,-118.1039944340082,40.7891960144043,10,-0.3986410830219853,-0.1775243745148648,0.0512770624706714,-0.4662186028832969,-0.025572724454919364,0.036292198462733925,-5.509281158447266,8.438934326171875,-20.4213809967041,-0.01997264291115826,-0.03068414313156596,-0.00814288134902628,wonhee
11,38,2017-03-03,08:16:00,0.000000,1.981225,26.821959,1,15.308004,08:16:00,35.18408203125,9.108306884765625,-21.00497436523438,0.2719298303127289,33.94614177492537,-118.1039944340082,40.7891960144043,10,-0.5729597806513069,0.131028956106347,-0.03248511061813551,-0.4950553951249927,0.016734192345834197,0.017711581175388222,-6.624912261962891,9.108306884765625,-21.00497436523438,-0.02362809782340102,0.01698803827750645,-0.01039085562516216,wonhee
13,39,2017-03-03,08:16:01,0.000000,4.431534,28.190660,1,22.959558,08:16:01,35.16159057617188,9.721916198730469,-21.06333351135254,0.2719298303127289,33.9461933755431,-118.1039489070824,34.18331527709961,10,-0.3989342809099174,-0.06839145356211859,0.08069381391179072,-0.4690876790252853,-0.006263029687982452,0.034726622588298624,-6.234424591064453,9.721916198730469,-21.06333351135254,-0.01758085793615809,-0.001334510022238706,0.0176652801427136,wonhee
13,40,2017-03-03,08:16:01,0.000000,4.431534,28.437252,1,22.959558,08:16:01,35.10916137695312,9.164093017578125,-20.82989501953125,0.2719298303127289,33.9461933755431,-118.1039489070824,34.18331527709961,10,-0.6080993449349805,0.05729510605746924,0.005886614842669613,-0.5066425440953263,0.010907595499506317,0.026935315344994118,-5.676624298095703,9.164093017578125,-20.82989501953125,-0.01999128503878881,-0.02090155349937789,-0.006955644135068955,wonhee
13,41,2017-03-03,08:16:01,0.000000,4.431534,28.735459,1,22.959558,08:16:01,34.3134765625,9.610343933105469,-23.04755401611328,0.2719298303127289,33.9461933755431,-118.1039489070824,34.18331527709961,10,-0.397177752644455,-0.1123062570728161,0.009327595958003598,-0.4770699507028378,-0.02237939216244577,0.02217848057557692,-7.461620330810547,9.610343933105469,-23.04755401611328,-0.01997770291722941,-0.03679636414940682,-0.012838833299163,wonhee
13,42,2017-03-03,08:16:01,0.000000,4.431534,28.660713,1,22.959558,08:16:01,33.41159057617188,8.773628234863281,-22.40560150146484,0.2719298303127289,33.9461933755431,-118.1039489070824,34.18331527709961,10,-0.5422241656863968,0.0804076015803782,-0.01553594964345324,-0.49467176661052087,0.005389152697190775,0.011989692974559197,-6.736461639404297,8.773628234863281,-22.40560150146484,-0.02121953493353335,-0.01601252237021043,-0.0163142585217164,wonhee
13,43,2017-03-03,08:16:01,0.000000,4.431534,29.647753,1,22.959558,08:16:01,33.49111938476562,9.833465576171875,-23.16427040100098,0.2719298303127289,33.9461933755431,-118.1039489070824,34.18331527709961,10,-0.4010531214877117,-0.08427327452780914,0.05524974969863916,-0.4693801080833926,-0.018833708989318354,0.023676666024578914,-8.019428253173828,9.833465576171875,-23.16427040100098,-0.005951366088000074,0.004863198466593697,-0.01284788804686927,wonhee
15,44,2017-03-03,08:16:02,0.000000,5.865399,29.099931,1,30.905335,08:16:02,33.5692138671875,10.00080108642578,-22.6390380859375,0.2719298303127289,33.94624879148673,-118.1039037900274,36.04119491577148,10,-0.498210515856372,-0.03431945819840927,-0.047074323068619,-0.4771688218340874,-0.023017280333657783,0.004562846824910358,-6.624904632568359,10.00080108642578,-22.6390380859375,-0.004845088971181158,0.00365572122835177,-0.03042981124746339,wonhee
15,45,2017-03-03,08:16:02,0.000000,5.865399,29.021962,1,30.905335,08:16:02,33.78982543945312,10.00080108642578,-22.6390380859375,0.2719298303127289,33.94624879148673,-118.1039037900274,36.04119491577148,10,-0.5206458750847339,-0.0176308592034629,-0.0157507850194929,-0.48891441784364936,-0.021562105205575787,-0.0009250070035407695,-7.071155548095703,10.00080108642578,-22.6390380859375,-0.002367017576862427,-0.03179814341554611,-0.0211268569275986,wonhee
15,46,2017-03-03,08:16:02,0.000000,5.865399,29.677986,1,30.905335,08:16:02,33.95736694335938,9.164085388183594,-22.46395492553711,0.2719298303127289,33.94624879148673,-118.1039037900274,36.04119491577148,10,-0.4486809804901457,-0.05923751236141463,0.03318205417379361,-0.4780451048176391,-0.03174035048353081,0.008289227442212957,-7.573184967041016,9.164085388183594,-22.46395492553711,0.007200122323138229,-0.04520875740074912,0.006918892512025861,wonhee
15,47,2017-03-03,08:16:02,0.000000,5.865399,29.645608,1,30.905335,08:16:02,34.18939208984375,8.606269836425781,-22.34724044799805,0.2719298303127289,33.94624879148673,-118.1039037900274,36.04119491577148,10,-0.5996508626760564,0.02668564833230442,-0.01271144397125799,-0.5108976557024697,-0.015956203968617928,0.002615765606385042,-8.130992889404297,8.606269836425781,-22.34724044799805,0.01758085793615809,-0.007223824456839933,-0.02236629209892147,wonhee
15,48,2017-03-03,08:16:02,0.000000,5.865399,31.263790,1,30.905335,08:16:02,35.34939575195312,9.666122436523438,-23.57278823852539,0.2719298303127289,33.94624879148673,-118.1039037900274,36.04119491577148,10,-0.3922432397048305,-0.1594922421904802,0.09732591969131969,-0.4788424281546949,-0.054733356321712306,0.028202302059758988,-7.852085113525391,9.666122436523438,-23.57278823852539,0.0004154531300523612,-0.09173844270217753,0.04671530762940694,wonhee
17,49,2017-03-03,08:16:03,0.000000,7.756862,29.912077,1,41.408256,08:16:03,33.54736328125,8.940971374511719,-22.5806770324707,0.2719298303127289,33.94632605121885,-118.1038494484848,36.80308532714844,10,-0.56639941922659,0.08222557412377596,-0.1006670581909377,-0.5024964931855614,-0.017733050490560946,-0.006612556131897353,-7.350048065185547,8.940971374511719,-22.5806770324707,0.008437426965589042,-0.06843738106063825,0.008046741233674418,wonhee
17,50,2017-03-03,08:16:03,0.000000,7.756862,30.321748,1,41.408256,08:16:03,33.536376953125,8.494720458984375,-22.34723854064941,0.2719298303127289,33.94632605121885,-118.1038494484848,36.80308532714844,10,-0.3109878981843502,-0.1042016861449921,0.0167584944616877,-0.4507592566191688,-0.04109308954467349,-0.0002987216360733234,-7.461612701416016,8.494720458984375,-22.34723854064941,0.008496016509570785,-0.09289452093138093,0.008007592765650254,wonhee
17,51,2017-03-03,08:16:03,0.000000,7.756862,31.025041,1,41.408256,08:16:03,33.51470947265625,8.606285095214844,-21.99707984924316,0.2719298303127289,33.94632605121885,-118.1038494484848,36.80308532714844,10,-0.6331296904622097,0.1520090565929929,0.03633337060948107,-0.5000277621835951,0.011074654760165371,0.00959766563791871,-7.573169708251953,8.606285095214844,-21.99707984924316,-0.002167014178997476,-0.0416020383364548,0.02103391260555483,wonhee
17,52,2017-03-03,08:16:03,0.000000,7.756862,30.073411,1,41.408256,08:16:03,33.54425048828125,8.327377319335938,-23.10591125488281,0.2719298303127289,33.94632605121885,-118.1038494484848,36.80308532714844,10,-0.4041487326855737,-0.04319090239853737,-0.07399489438837671,-0.4741254467764795,-0.0035855225969342406,-0.012985383719438744,-7.294261932373047,8.327377319335938,-23.10591125488281,0.001220793043692323,0.006113552598385899,0.01406175687172739,wonhee
17,53,2017-03-03,08:16:03,0.000000,7.756862,31.845732,1,41.408256,08:16:03,33.58193969726562,8.104255676269531,-22.98919105529785,0.2719298303127289,33.94632605121885,-118.1038494484848,36.80308532714844,10,-0.5395757719306399,0.1029770367680586,0.1076018746761015,-0.491807258685895,0.025203014768459653,0.019592013208687784,-7.517391204833984,8.104255676269531,-22.98919105529785,-0.00115448033254935,0.01099273003152007,0.01173921408506928,wonhee
19,54,2017-03-03,08:16:04,0.000000,8.188527,30.662431,1,50.605744,08:16:04,33.5316162109375,8.438957214355469,-23.92293930053711,0.2719298303127289,33.94639520231143,-118.1038040599662,34.37397003173828,5,-0.4616504820202366,-0.06808369100140903,-0.08943964863427264,-0.4836602181396415,1.0317196872458578e-06,-0.009863567528876533,-7.294261932373047,8.438957214355469,-23.92293930053711,-0.01523807512521539,0.003570500073469234,0.01766075276886047,wonhee
19,55,2017-03-03,08:16:04,0.000000,8.188527,32.906928,1,50.605744,08:16:04,32.77847290039062,8.829414367675781,-22.93083190917969,0.2719298303127289,33.94639520231143,-118.1038040599662,34.37397003173828,5,-0.3540244538770996,0.03179076379579937,0.1390802784974079,-0.4486383111433878,0.008589225313784175,0.030374537695177815,-7.350040435791016,8.829414367675781,-22.93083190917969,-0.0152386077574334,-0.02087944926233024,0.003562776906308005,wonhee
19,56,2017-03-03,08:16:04,0.000000,8.188527,31.064865,1,50.605744,08:16:04,32.1280517578125,9.275657653808594,-22.58068084716797,0.2719298303127289,33.94639520231143,-118.1038040599662,34.37397003173828,5,-0.583891114069204,-0.003974846595906932,-0.1333570651007921,-0.4851776960268482,0.005194963240979105,-0.01385857187985393,-7.573169708251953,9.275657653808594,-22.58068084716797,-0.004705805646170014,0.01097435421999853,0.007071757958596409,wonhee
19,57,2017-03-03,08:16:04,0.000000,8.188527,32.530742,1,50.605744,08:16:04,32.19720458984375,8.996726989746094,-22.6390323638916,0.2719298303127289,33.94639520231143,-118.1038040599662,34.37397003173828,5,-0.4048339958728726,-0.09161917126680875,0.08717223749696289,-0.463472346345499,-0.020959976593276558,0.01343552886371295,-7.071132659912109,8.996726989746094,-22.6390323638916,-0.01294243026556708,-0.02330425743484738,-0.01168382033439563,wonhee
20,58,2017-03-03,08:16:05,20.496317,11.513567,31.752192,1,59.768420,08:16:05,32.3558349609375,8.829376220703125,-22.5806770324707,0.2719298303127289,33.94646269942079,-118.1037567899267,33.34630584716797,5,-0.5329714862339459,0.1175860383198154,-0.06245617341523535,-0.48224797070609915,0.016469089965556474,-0.007067085936458231,-7.461597442626953,8.829376220703125,-22.5806770324707,-0.009449161863710144,-0.01349876461728463,-0.0152015898182813,wonhee
20,59,2017-03-03,08:16:05,20.496317,11.513567,33.269452,1,59.768420,08:16:05,32.44381713867188,8.662033081054688,-22.52231597900391,0.2719298303127289,33.94646269942079,-118.1037567899267,33.34630584716797,5,-0.4935358064324175,-0.1215516166167401,0.09059776310496181,-0.48529744964615074,-0.020818061284564246,0.019317679713587624,-7.740489959716797,8.662033081054688,-22.52231597900391,-0.0118438763159094,0.01583249268052107,-0.008112787628708384,wonhee
20,60,2017-03-03,08:16:05,20.496317,11.513567,33.269452,1,59.768420,08:16:05,33.31158447265625,8.829368591308594,-22.69739151000977,0.2719298303127289,33.94646269942079,-118.1037567899267,33.34630584716797,5,-0.4951350959881681,0.1811097117910036,-0.03362386325930938,-0.48795515091564307,0.03373398096120782,0.005015193013389993,-7.238460540771484,8.829368591308594,-22.69739151000977,-0.01519173612224801,-0.04044542747503339,0.00353135160544507,wonhee
20,61,2017-03-03,08:16:05,20.496317,11.513567,21.349338,1,59.768420,08:16:05,33.18960571289062,8.773582458496094,-22.98919296264648,0.2719298303127289,33.94646269942079,-118.1037567899267,33.34630584716797,5,-0.5979010576536175,-0.1201795267447157,0.0463152489060347,-0.5176577205907671,-0.007846709236501333,0.016172659663433994,-7.182674407958984,8.773582458496094,-22.98919296264648,-0.00492311959112048,0.04645325257814314,-0.02450347887371006,wonhee
20,62,2017-03-03,08:16:05,20.496317,11.513567,21.273146,1,59.768420,08:16:05,31.99957275390625,7.936859130859375,-22.93083190917969,0.2719298303127289,33.94646269942079,-118.1037567899267,33.34630584716797,5,-0.3505319314125255,0.2364132220194629,-0.01563239344902497,-0.4725076504803146,0.058141628503637764,0.0075803269961956885,-8.24251937866211,7.936859130859375,-22.93083190917969,-0.004747084643066242,0.003644269635664429,-0.00699852102861923,wonhee
22,63,2017-03-03,08:16:06,21.310906,11.890227,22.653905,1,69.295250,08:16:06,32.14901733398438,9.052497863769531,-22.93083572387695,0.2719298303127289,33.94653273348118,-118.1037074339509,32.93793106079102,5,-0.587707296884977,-0.2730731083136104,0.08149774297130997,-0.5036295505619509,-0.03133809011097303,0.02754957608737299,-7.573139190673828,9.052497863769531,-22.93083572387695,-0.009421198672264312,0.003612578018692487,0.001227450946417521,wonhee
22,64,2017-03-03,08:16:06,21.310906,11.890227,21.874714,1,69.295250,08:16:06,32.3546142578125,8.940940856933594,-22.58068084716797,0.2719298303127289,33.94653273348118,-118.1037074339509,32.93793106079102,5,-0.3106248952058644,0.2616273087127181,-0.06249896965074148,-0.45148814399735865,0.04780833224470032,0.00322240208621365,-8.24251937866211,8.940940856933594,-22.58068084716797,-0.002405899728777584,-0.001230646739725616,-0.01287665018664213,wonhee
22,65,2017-03-03,08:16:06,21.310906,11.890227,21.546848,1,69.295250,08:16:06,32.55307006835938,8.940940856933594,-22.58068084716797,0.2719298303127289,33.94653273348118,-118.1037074339509,32.93793106079102,5,-0.6173339566194095,-0.2261399318453526,-0.03241059528308267,-0.49629242049010613,-0.02620049303068068,-0.0064040735007076435,-7.796260833740234,8.940940856933594,-22.58068084716797,-0.02339640280856412,-0.01237970432723334,0.02822364860044175,wonhee
22,66,2017-03-03,08:16:06,21.310906,11.890227,21.976447,1,69.295250,08:16:06,32.57113647460938,8.271575927734375,-22.69739723205566,0.2719298303127289,33.94653273348118,-118.1037074339509,32.93793106079102,5,-0.3704095708784689,0.3182506701061298,0.01808707725868065,-0.46228438669941857,0.06685512837714117,0.00021236301282599734,-7.350025177001953,8.271575927734375,-22.69739723205566,-0.0383452586393969,-0.1909987175871749,0.0104459830597268,wonhee
22,67,2017-03-03,08:16:06,21.310906,11.890227,21.860696,1,69.295250,08:16:06,32.62823486328125,8.829399108886719,-23.16427040100098,0.2719298303127289,33.94653273348118,-118.1037074339509,32.93793106079102,5,-0.6087502216585967,-0.2932783252634856,-0.01826964150546884,-0.5018530418406073,-0.030437161226662332,-0.004780665315631116,-7.573146820068359,8.829399108886719,-23.16427040100098,-0.01065663910195207,0.04640105462077759,0.01184627316089047,wonhee
24,68,2017-03-03,08:16:07,21.554051,12.156551,22.399319,1,78.930776,08:16:07,32.79354858398438,9.610343933105469,-22.69739723205566,0.2719298303127289,33.94660370504645,-118.1036577119196,32.83314514160156,5,-0.3630287311713254,0.1033166426394808,0.0253553360463282,-0.46434879195450207,0.005697259749237543,0.0033607626532744716,-7.350009918212891,9.610343933105469,-22.69739723205566,-0.02464569167592029,-0.008710134661213157,0.01300501455118394,wonhee
24,69,2017-03-03,08:16:07,21.554051,12.156551,22.405241,1,78.930776,08:16:07,33.12106323242188,9.721908569335938,-21.76364517211914,0.2719298303127289,33.94660370504645,-118.1036577119196,32.83314514160156,5,-0.5949721399926822,-0.08967534702787644,-0.01015805927763289,-0.4996375008424879,-0.020068242413991307,-0.0002914310685467442,-7.238452911376953,9.721908569335938,-21.76364517211914,-0.008090683391660726,-0.05018940127141531,0.006992662074221056,wonhee
24,70,2017-03-03,08:16:07,21.554051,12.156551,25.189689,1,78.930776,08:16:07,33.21023559570312,8.885200500488281,-22.40559768676758,0.2719298303127289,33.94660370504645,-118.1036577119196,32.83314514160156,5,-0.3175173225417423,0.06626079084071379,0.1750770067678384,-0.4504366033673704,0.0032540821846408705,0.04708544177917868,-7.517360687255859,8.885200500488281,-22.40559768676758,-0.01635527120250363,-0.05023440869383765,0.001178981414578079,wonhee
24,71,2017-03-03,08:16:07,21.554051,12.156551,22.498298,1,78.930776,08:16:07,34.172119140625,9.108322143554688,-22.98919296264648,0.2719298303127289,33.94660370504645,-118.1036577119196,32.83314514160156,5,-0.6597864727007132,-0.03439362288945492,-0.1899789740598045,-0.5069937710222896,-0.0069166792038376605,-0.016958982773444813,-7.405788421630859,9.108322143554688,-22.98919296264648,-0.01644448709902128,-0.03555346686866684,-0.01168461928272266,wonhee
24,72,2017-03-03,08:16:07,21.554051,12.156551,24.169298,1,78.930776,08:16:07,35.31289672851562,8.885200500488281,-22.52231979370117,0.2719298303127289,33.94660370504645,-118.1036577119196,32.83314514160156,5,-0.2829972893154518,-0.05664797328620932,0.1008471044858553,-0.44647973005179464,-0.020351897224605817,0.014867063495947866,-6.401729583740234,8.885200500488281,-22.52231979370117,-0.004789428904398502,-0.001240766751867917,-0.0198935470267829,wonhee
26,73,2017-03-03,08:16:08,23.914161,12.936013,23.368254,1,89.621366,08:16:08,35.18728637695312,8.885185241699219,-22.75575637817383,0.2719298303127289,33.94668232193627,-118.1036023662129,33.4282341003418,5,-0.5591146954754684,-0.04238688019475535,-0.06395575341226979,-0.4769087656349478,-0.026304784752477568,-0.006427410129028265,-7.405796051025391,8.885185241699219,-22.75575637817383,-0.002364887047990363,-0.02446326514124987,-0.01642850813248081,wonhee
26,74,2017-03-03,08:16:08,23.914161,12.936013,24.603772,1,89.621366,08:16:08,34.93637084960938,8.271591186523438,-23.28099060058594,0.2719298303127289,33.94668232193627,-118.1036023662129,33.4282341003418,5,-0.4157069913572345,0.07712219119871731,0.07181493881323031,-0.4603747261362574,0.001636655275836705,0.014710246469151523,-7.238437652587891,8.271591186523438,-23.28099060058594,0.007094927460080098,0.004927114332755599,0.01051362735141482,wonhee
26,75,2017-03-03,08:16:08,23.914161,12.936013,23.699248,1,89.621366,08:16:08,34.9117431640625,8.048469543457031,-22.11380386352539,0.2719298303127289,33.94668232193627,-118.1036023662129,33.4282341003418,5,-0.5088623650050514,-0.1156212147546268,-0.07085445323268853,-0.47347396297565103,-0.03004128670373071,-0.00840558867223224,-6.680606842041016,8.048469543457031,-22.11380386352539,-0.01162602973874092,-0.02820367489226615,0.01876250251182625,wonhee
26,76,2017-03-03,08:16:08,23.914161,12.936013,23.797910,1,89.621366,08:16:08,34.45974731445312,8.996749877929688,-22.75575637817383,0.2719298303127289,33.94668232193627,-118.1036023662129,33.4282341003418,5,-0.3715328436634224,0.06533228663853916,-0.003975437891361566,-0.4459339363483042,-0.004275523416920821,-0.007208755919252021,-6.290149688720703,8.996749877929688,-22.75575637817383,-0.01041429144275486,-0.09177253116413055,-0.009463276617487564,wonhee
26,77,2017-03-03,08:16:08,23.914161,12.936013,24.190116,1,89.621366,08:16:08,33.900390625,8.606269836425781,-22.69739532470703,0.2719298303127289,33.94668232193627,-118.1036023662129,33.4282341003418,5,-0.5860412781052635,-0.1129891214512477,0.01559419048894416,-0.48378480505276994,-0.03364517724081101,-0.0010483982981016647,-7.796237945556641,8.606269836425781,-22.69739532470703,0.001152882435895302,-0.002435727132986471,-0.007039800025515458,wonhee
28,78,2017-03-03,08:16:09,24.201465,13.428827,23.416085,1,100.440392,08:16:09,33.92990112304688,8.717826843261719,-23.16427040100098,0.2719298303127289,33.94676140609142,-118.1035456836763,33.38013458251953,5,-0.4342785479474504,0.1680613640912792,-0.06215488862754974,-0.47041038216925324,0.02084709787519736,-0.01755669624627651,-6.792171478271484,8.717826843261719,-23.16427040100098,-0.01269475628418971,-0.0734569070832196,0.01869672243290129,wonhee
28,79,2017-03-03,08:16:09,24.201465,13.428827,22.936495,1,100.440392,08:16:09,34.04727172851562,8.829414367675781,-21.99707984924316,0.2719298303127289,33.94676140609142,-118.1035456836763,33.38013458251953,5,-0.529377883507451,-0.0606180206509013,-0.04252556605551773,-0.48634081895431674,-0.0011612099454878164,-0.024302191528657337,-6.457492828369141,8.829414367675781,-21.99707984924316,0.00833755842471107,0.01226092734261581,0.03043567020186157,wonhee
28,80,2017-03-03,08:16:09,24.201465,13.428827,23.180472,1,100.440392,08:16:09,34.05126953125,8.383163452148438,-22.69739532470703,0.2719298303127289,33.94676140609142,-118.1035456836763,33.38013458251953,5,-0.3963962085542316,0.1133880056951862,0.005712279469497206,-0.462041723730359,0.029784972224864575,-0.01619359574246463,-6.011257171630859,8.383163452148438,-22.69739532470703,-0.03148442303913477,-0.1188049478089798,0.003494333666292968,wonhee
28,81,2017-03-03,08:16:09,24.201465,13.428827,21.234878,1,100.440392,08:16:09,35.7686767578125,9.442985534667969,-21.70528602600098,0.2719298303127289,33.94676140609142,-118.1035456836763,33.38013458251953,5,-0.5355804484340041,-0.1801482651842613,-0.1402591545498912,-0.48190866702216734,-0.02692979593953505,-0.04971067713361749,-6.290157318115234,9.442985534667969,-21.70528602600098,-7.217166554114735e-05,0.05868887989040319,0.01649535347584179,wonhee
30,82,2017-03-03,08:16:10,23.255649,13.435818,21.953067,1,110.836601,08:16:10,34.79541015625,9.498802185058594,-22.46395492553711,0.2719298303127289,33.94683788193542,-118.103491895803,33.46176528930664,5,-0.473939205296115,0.2482113195252102,0.03732637874333961,-0.479755667431601,0.047401285544558705,-0.026197075825438284,-6.569072723388672,9.498802185058594,-22.46395492553711,-0.01179993415792309,0.00360192537433217,-0.004617655014088391,wonhee
30,83,2017-03-03,08:16:10,23.255649,13.435818,22.814989,1,110.836601,08:16:10,34.23876953125,9.164115905761719,-23.51442909240723,0.2719298303127289,33.94683788193542,-118.103491895803,33.46176528930664,5,-0.386140872460059,-0.3243408101312829,0.04690857846693185,-0.45446504904694873,-0.053027150816452345,-0.0064471291954136915,-6.569065093994141,9.164115905761719,-23.51442909240723,-0.006914365138172726,-0.01106170590375312,0.02930862042854003,wonhee
30,84,2017-03-03,08:16:10,23.255649,13.435818,22.800412,1,110.836601,08:16:10,34.76498413085938,9.275680541992188,-22.81411361694336,0.2719298303127289,33.94683788193542,-118.103491895803,33.46176528930664,5,-0.5426129852937593,0.3269805816572171,-0.01152466642101992,-0.4782787615876901,0.049634298670566734,-0.007818857417920719,-6.457492828369141,9.275680541992188,-22.81411361694336,-0.02347603132515749,-0.0527132790364834,-0.01401728208152306,wonhee
30,85,2017-03-03,08:16:10,23.255649,13.435818,22.214920,1,110.836601,08:16:10,35.87408447265625,10.22396087646484,-22.87247085571289,0.2719298303127289,33.94683788193542,-118.103491895803,33.46176528930664,5,-0.3735257546418667,-0.3272140420461829,-0.04958568596326957,-0.44997908604904263,-0.05217362150758438,-0.01910242559962455,-7.405788421630859,10.22396087646484,-22.87247085571289,-0.0164788418770833,0.02802151467370474,0.01653476825997497,wonhee
30,86,2017-03-03,08:16:10,23.255649,13.435818,21.752276,1,110.836601,08:16:10,35.25775146484375,9.331443786621094,-22.52231788635254,0.2719298303127289,33.94683788193542,-118.103491895803,33.46176528930664,5,-0.5650215840059137,0.2951930162595334,-0.04139583185180738,-0.4810585315013221,0.04166963348216918,-0.025125127782429854,-6.624835968017578,9.331443786621094,-22.52231788635254,-0.01987197542195326,-0.04414375928082643,0.008237157251615083,wonhee
32,87,2017-03-03,08:16:11,21.915073,13.077377,21.762648,1,120.633518,08:16:11,35.11111450195312,9.610343933105469,-22.69739723205566,0.2719298303127289,33.94691001615686,-118.1034413037205,32.44111251831055,5,-0.3219233844532714,-0.2615950403171738,-0.009861366079467103,-0.43806718299918396,-0.04025920198595066,-0.021001527741845986,-6.903743743896484,9.610343933105469,-22.69739723205566,-0.02241662584352397,0.01087794778853766,-0.005720736337599211,wonhee
32,88,2017-03-03,08:16:11,21.915073,13.077377,20.224434,1,120.633518,08:16:11,35.01116943359375,10.22394561767578,-23.3393497467041,0.2719298303127289,33.94691001615686,-118.1034413037205,32.44111251831055,5,-0.6664365565311182,0.3692490128479565,-0.1131004785362921,-0.49976258786007144,0.07037198606389646,-0.04588263140582634,-6.513263702392578,10.22394561767578,-23.3393497467041,-0.02820713700168326,0.02428057229047043,0.02479243185198366,wonhee
32,89,2017-03-03,08:16:11,21.915073,13.077377,23.841598,1,120.633518,08:16:11,34.9466552734375,9.889251708984375,-21.938720703125,0.2719298303127289,33.94691001615686,-118.1034413037205,32.44111251831055,5,-0.1807994453133999,-0.3821608425201921,0.2305913950381316,-0.41359271354298793,-0.051882568653940225,0.028808544259173646,-6.736377716064453,9.889251708984375,-21.938720703125,-0.04072985307945386,-0.1824513020685656,0.008129299227466875,wonhee
32,90,2017-03-03,08:16:11,21.915073,13.077377,20.722525,1,120.633518,08:16:11,35.03518676757812,10.05660247802734,-22.81411170959473,0.2719298303127289,33.94691001615686,-118.1034413037205,32.44111251831055,5,-0.6843401305655964,0.4129114330728603,-0.218491117839006,-0.4867368100998477,0.07368441815323384,-0.038000995650407765,-7.015270233154297,10.05660247802734,-22.81411170959473,0.006941795697400542,0.07096125882570634,0.01179114572632583,wonhee
32,91,2017-03-03,08:16:11,21.915073,13.077377,21.638470,1,120.633518,08:16:11,34.99166870117188,9.554557800292969,-22.75575637817383,0.2719298303127289,33.94691001615686,-118.1034413037205,32.44111251831055,5,-0.4315578717487757,-0.2433686418163556,0.05051010908244916,-0.4718298771398232,-0.011969435490463129,-0.014089170887204936,-6.178554534912109,9.554557800292969,-22.75575637817383,-0.01641013232095926,-0.0477827025943107,-0.01053226947904537,wonhee
34,92,2017-03-03,08:16:12,20.619485,12.536434,20.079964,1,129.851256,08:16:12,36.97900390625,10.61440277099609,-22.58068084716797,0.2719298303127289,33.94697726849604,-118.1033928340999,31.52944755554199,5,-0.4704678495081331,0.292255654587845,-0.1144532387992042,-0.47146191691438133,0.07021886240140181,-0.041203147282338926,-6.680576324462891,10.61440277099609,-22.58068084716797,-0.01073946341185354,0.01951537815199165,-0.02334367221898056,wonhee
34,93,2017-03-03,08:16:12,20.619485,12.536434,16.387990,1,129.851256,08:16:12,38.66400146484375,10.22393035888672,-22.40559768676758,0.2719298303127289,33.94697726849604,-118.1033928340999,31.52944755554199,5,-0.379665788470024,-0.2602148425470293,-0.2566844678932162,-0.44666262258937106,-0.01904985560217834,-0.0994167645876724,-5.509151458740234,10.22393035888672,-22.40559768676758,0.0009116000411341233,0.1455177851230197,0.02014255258870531,wonhee
34,94,2017-03-03,08:16:12,20.619485,12.536434,18.065502,1,129.851256,08:16:12,37.6439208984375,10.89330291748047,-22.28887939453125,0.2719298303127289,33.94697726849604,-118.1033928340999,31.52944755554199,5,-0.5683807464316659,0.3497695301673264,0.1012812188578008,-0.4795455298427289,0.08058899252213703,-0.04519695764976576,-7.294162750244141,10.89330291748047,-22.28887939453125,-0.01641412706259438,0.01334350232573302,0.02354047982353741,wonhee
34,95,2017-03-03,08:16:12,20.619485,12.536434,16.475822,1,129.851256,08:16:12,37.65875244140625,11.06065368652344,-21.9970817565918,0.2719298303127289,33.94697726849604,-118.1033928340999,31.52944755554199,5,-0.4890646280161881,-0.3103431142599687,-0.1165315149407708,-0.4821171733457049,-0.025023744545117077,-0.06446843142304434,-6.903682708740234,11.06065368652344,-21.9970817565918,-0.02946920904227181,-0.01605939400539582,-0.01861336549078181,wonhee
34,96,2017-03-03,08:16:12,20.619485,12.536434,19.195648,1,129.851256,08:16:12,36.12448120117188,10.16814422607422,-22.34723854064941,0.2719298303127289,33.94697726849604,-118.1033928340999,31.52944755554199,5,-0.4015868299026182,0.3965191910175656,0.1707688663763812,-0.4603614008203982,0.08885869806774915,-0.0009176141586300784,-6.569004058837891,10.16814422607422,-22.34723854064941,-0.03762194408733138,-0.03201039735442542,-0.006878945095674672,wonhee
36,97,2017-03-03,08:16:13,18.867866,11.775078,16.542229,1,138.285949,08:16:13,35.98379516601562,10.05656433105469,-23.04755020141602,0.2719298303127289,33.94703756039674,-118.1033468004432,32.4741096496582,5,-0.5179587549431124,-0.4468452992595591,-0.1874474729028056,-0.4759216838240202,-0.05586506453469295,-0.05130981419790911,-6.457447052001953,10.05656433105469,-23.04755020141602,-0.02586169102965048,-0.04783356897113121,-0.01868314031134189,wonhee
36,98,2017-03-03,08:16:13,18.867866,11.775078,18.829582,1,138.285949,08:16:13,35.9656982421875,10.00077819824219,-22.40560150146484,0.2719298303127289,33.94703756039674,-118.1033468004432,32.4741096496582,5,-0.3138938832465114,0.2783173855445407,0.1419372837179937,-0.43214886700210653,0.03441640025269707,0.000897089730239567,-6.401668548583984,10.00077819824219,-22.40560150146484,-0.02474795706177934,-0.04781918790124479,-0.03391988385601223,wonhee
36,99,2017-03-03,08:16:13,18.867866,11.775078,16.341062,1,138.285949,08:16:13,36.05300903320312,10.44702911376953,-22.17215919494629,0.2719298303127289,33.94703756039674,-118.1033468004432,32.4741096496582,5,-0.5938611666992335,-0.2752460840018054,-0.1764541876704132,-0.4758364493013341,-0.04924084345226146,-0.047015459542917616,-6.959468841552734,10.44702911376953,-22.17215919494629,0.006791859728029081,0.07831398027930611,-0.01982909852840298,wonhee
36,100,2017-03-03,08:16:13,18.867866,11.775078,17.425318,1,138.285949,08:16:13,36.14694213867188,10.83749389648438,-22.93083572387695,0.2719298303127289,33.94703756039674,-118.1033468004432,32.4741096496582,5,-0.418547716083971,0.2013454380039686,0.06173082700884058,-0.46035954215240615,0.01845659709295487,-0.017636974712986486,-7.126827239990234,10.83749389648438,-22.93083572387695,-0.01280421220499197,-0.0502160328823161,0.005846437541050952,wonhee
36,101,2017-03-03,08:16:13,18.867866,11.775078,15.877655,1,138.285949,08:16:13,36.28268432617188,11.28374481201172,-21.41349029541016,0.2719298303127289,33.94703756039674,-118.1033468004432,32.4741096496582,5,-0.4722755613838011,-0.2300176568988842,-0.1137303517298315,-0.46357872876854944,-0.04867026611311272,-0.04359719743381088,-6.792133331298828,11.28374481201172,-21.41349029541016,-0.007055778992055933,-0.03794072446981387,-0.01993961971364127,wonhee
38,102,2017-03-03,08:16:14,17.925427,11.114919,15.650006,1,146.299335,08:16:14,36.34774780273438,10.05656433105469,-21.53020858764648,0.2719298303127289,33.94709324748924,-118.1033010544553,33.10438537597656,5,-0.4694725636022352,0.1072188331035271,-0.02572953647049536,-0.46517098486061514,-0.006555857596662676,-0.038770137832954736,-6.457454681396484,10.05656433105469,-21.53020858764648,0.01392194091449823,0.05634156970560736,-0.01638749545169358,wonhee
38,103,2017-03-03,08:16:14,17.925427,11.114919,14.924835,1,146.299335,08:16:14,34.61431884765625,9.108283996582031,-21.58857154846191,0.2719298303127289,33.94709324748924,-118.1033010544553,33.10438537597656,5,-0.4440625223478321,-0.2418186050666118,-0.05889755536014792,-0.4594684025897271,-0.07011355024765897,-0.04420768470686015,-7.182613372802734,9.108283996582031,-21.58857154846191,0.009291502727177454,0.03185460243065578,-0.01171551195136758,wonhee
38,104,2017-03-03,08:16:14,17.925427,11.114919,13.618701,1,146.299335,08:16:14,35.01065063476562,10.50277709960938,-22.81411170959473,0.2719298303127289,33.94709324748924,-118.1033010544553,33.10438537597656,5,-0.5220279950236699,0.3698797865521382,-0.09762849167977311,-0.47636926509791494,0.04875338287093797,-0.05863964755378854,-7.238399505615234,10.50277709960938,-22.81411170959473,0.001327852119513508,-0.05502490286267218,0.004591556035405614,wonhee
38,105,2017-03-03,08:16:14,17.925427,11.114919,12.100861,1,146.299335,08:16:14,35.19366455078125,10.78168487548828,-21.70528602600098,0.2719298303127289,33.94709324748924,-118.1033010544553,33.10438537597656,5,-0.4667180784044783,-0.2799651721547369,-0.1117422066092979,-0.4737619370607501,-0.0400519767267184,-0.07298563374891513,-6.624805450439453,10.78168487548828,-21.70528602600098,-0.002112685692759859,-0.01104519430499463,0.05154308605350259,wonhee
38,106,2017-03-03,08:16:14,17.925427,11.114919,13.896626,1,146.299335,08:16:14,37.94619750976562,10.61434173583984,-22.11380386352539,0.2719298303127289,33.94709324748924,-118.1033010544553,33.10438537597656,5,-0.4452369325609695,0.1750643580642632,0.1091647877061806,-0.4660557299014678,0.018063037392125204,-0.02377656589778332,-6.234348297119141,10.61434173583984,-22.11380386352539,0.02463557166377799,0.05149887757940727,0.009322129079713365,wonhee
40,107,2017-03-03,08:16:15,17.912108,10.759673,12.448947,1,154.306766,08:16:15,37.28692626953125,10.61434173583984,-22.34723854064941,0.2719298303127289,33.94714891992228,-118.103255375005,33.9456672668457,5,-0.3475518363787212,-0.2191362913984619,-0.1070648372558751,-0.43404116693532213,-0.04601783473243603,-0.046277409781222814,-6.792156219482422,10.61434173583984,-22.34723854064941,-0.000880973688598212,-0.06850342745567221,0.03152863151323008,wonhee
40,108,2017-03-03,08:16:15,17.912108,10.759673,13.672145,1,154.306766,08:16:15,37.209228515625,10.27964782714844,-21.88036727905273,0.2719298303127289,33.94714891992228,-118.103255375005,33.9456672668457,5,-0.6041360254818071,0.1846021178250219,0.07099366847169382,-0.4799933495790834,0.01628557803250471,-0.014595899518311903,-6.122776031494141,10.27964782714844,-21.88036727905273,0.02245311115045806,-0.005993177717114317,0.01744343882391,wonhee
40,109,2017-03-03,08:16:15,17.912108,10.759673,7.749785,1,154.306766,08:16:15,36.31753540039062,10.16807556152344,-22.58068084716797,0.2719298303127289,33.94714891992228,-118.103255375005,33.9456672668457,5,-0.2888077894687173,-0.1679546501831448,-0.4053768455698369,-0.4283433828951087,-0.03348806409660206,-0.12016779957520857,-5.899654388427734,10.16807556152344,-22.58068084716797,-0.0127448237126832,-0.08934346193386927,-0.002417085005355916,wonhee
40,110,2017-03-03,08:16:15,17.912108,10.759673,12.654744,1,154.306766,08:16:15,36.46954345703125,10.11225128173828,-21.47184371948242,0.2719298303127289,33.94714891992228,-118.103255375005,33.9456672668457,5,-0.6360904455328419,0.284354680770299,0.3164443856222283,-0.4844675423647795,0.052379127827524866,-0.002214305565269012,-6.959499359130859,10.11225128173828,-21.47184371948242,0.006847519794811737,-0.002379001801767784,-0.05276228120054086,wonhee
42,111,2017-03-03,08:16:16,16.202198,10.108501,12.654744,1,161.549799,08:16:16,36.49383544921875,10.00070190429688,-22.40560150146484,0.2719298303127289,33.94719883842112,-118.1032135263433,34.89447021484375,5,-0.2629876541962235,-0.3990436023417066,-0.5106101887592243,-0.4246333747714074,-0.06957552690774932,-0.13956061150008597,-6.401699066162109,10.00070190429688,-22.40560150146484,-0.01040763354002966,-0.03309217338921561,0.02577753513920397,wonhee
42,112,2017-03-03,08:16:16,16.202198,10.108501,19.263014,1,161.549799,08:16:16,36.387939453125,9.442893981933594,-23.3393497467041,0.2719298303127289,33.94719883842112,-118.1032135263433,34.89447021484375,5,-0.6382073514577739,0.3340629481622234,0.1935015014262706,-0.48233171126735863,0.039469914482800905,-0.04958181275393628,-6.290126800537109,9.442893981933594,-23.3393497467041,0.009226521596579522,0.003744138176542401,-0.04339274785342408,wonhee
42,113,2017-03-03,08:16:16,16.202198,10.108501,14.702133,1,161.549799,08:16:16,36.378662109375,10.11223602294922,-22.87247467041016,0.2719298303127289,33.94719883842112,-118.1032135263433,34.89447021484375,5,-0.328002910055191,-0.3298390874280324,-0.3146115563617685,-0.44063882694918766,-0.06030120648352699,-0.12118124432034089,-7.182636260986328,10.11223602294922,-22.87247467041016,-0.01744716724943611,-0.06736625767020837,0.01170192982980817,wonhee
42,114,2017-03-03,08:16:16,16.202198,10.108501,17.061136,1,161.549799,08:16:16,36.327392578125,9.498664855957031,-22.81411170959473,0.2719298303127289,33.94719883842112,-118.1032135263433,34.89447021484375,5,-0.6477264580987656,0.3580764921617917,0.1467139383232479,-0.4965848369060296,0.052726127714067914,-0.04880769659868715,-6.345912933349609,9.498664855957031,-22.81411170959473,-0.01395709464088727,-0.05633837391229926,0.008185758242576554,wonhee
42,115,2017-03-03,08:16:16,16.202198,10.108501,13.793745,1,161.549799,08:16:16,36.30612182617188,9.331306457519531,-22.40560150146484,0.2719298303127289,33.94719883842112,-118.1032135263433,34.89447021484375,5,-0.3267828210118922,-0.340643476734675,-0.2283789092370169,-0.450711767523901,-0.05354511448925087,-0.09731997516625553,-6.847942352294922,9.331306457519531,-22.40560150146484,0.003364637721206109,0.04894037872016815,-0.01165665609127683,wonhee
44,116,2017-03-03,08:16:17,12.518408,8.766440,14.050100,1,167.146030,08:16:17,36.28582763671875,9.833343505859375,-22.46395874023438,0.2719298303127289,33.94723770853044,-118.1031815553759,35.16053009033203,5,-0.5783884420463283,0.1781489532799575,0.006537417239096455,-0.48520441425724864,0.009048477172410072,-0.06926225545915894,-6.122798919677734,9.833343505859375,-22.46395874023438,-0.006918359879807845,-0.001280980484328114,0.03401069764918394,wonhee
44,117,2017-03-03,08:16:17,12.518408,8.766440,10.234273,1,167.146030,08:16:17,36.30023193359375,9.498664855957031,-21.8803653717041,0.2719298303127289,33.94723770853044,-118.1031815553759,35.16053009033203,5,-0.4896570061622108,-0.183089490080868,-0.2649412927026868,-0.48640730961930356,-0.042858788217453224,-0.12212616290356047,-7.126857757568359,9.498664855957031,-21.8803653717041,-0.005833121735600555,-0.009821205467994214,0.007044860031586609,wonhee
44,118,2017-03-03,08:16:17,12.518408,8.766440,11.189802,1,167.146030,08:16:17,36.1773681640625,8.271469116210938,-22.58067321777344,0.2719298303127289,33.94723770853044,-118.1031815553759,35.16053009033203,5,-0.4829979644735416,0.08346798003762496,0.05314900669413686,-0.4854862538497615,-0.008730827047674444,-0.07477448704988689,-7.461544036865234,8.271469116210938,-22.58067321777344,0.005903429188378648,-0.009748501170235051,-0.001218928830929267,wonhee
44,119,2017-03-03,08:16:17,12.518408,8.766440,9.095312,1,167.146030,08:16:17,36.16290283203125,9.666007995605469,-21.93872451782227,0.2719298303127289,33.94723770853044,-118.1031815553759,35.16053009033203,5,-0.4791720712316251,-0.1100027738307375,-0.1501854854192544,-0.48378043819258,-0.03609007255945333,-0.09514723670281382,-6.513248443603516,9.666007995605469,-21.93872451782227,0.01426096132126531,-0.02805214102624065,0.01628070269198141,wonhee
44,120,2017-03-03,08:16:17,12.518408,8.766440,7.734517,1,167.146030,08:16:17,36.1717529296875,8.885078430175781,-22.75575256347656,0.2719298303127289,33.94723770853044,-118.1031815553759,35.16053009033203,5,-0.4884106632352874,0.03389476939688248,-0.1012725772828273,-0.48503132225023105,-0.017183232768094064,-0.09680203551033391,-7.294185638427734,8.885078430175781,-22.75575256347656,0.0470902807108901,-0.03884779713709485,-0.02140329304874882,wonhee
46,121,2017-03-03,08:16:18,8.995774,7.099901,7.108798,1,171.167502,08:16:18,36.10079956054688,8.159934997558594,-21.9970817565918,0.2719298303127289,33.94726560555688,-118.1031585382157,35.36781692504883,5,-0.4955866530882413,-0.1976348090587567,-0.05226746120717421,-0.48788291044447984,-0.06593334704504618,-0.0847707436192761,-6.122776031494141,8.159934997558594,-21.9970817565918,0.1165180913809288,-0.03477395961760064,-0.02528378507310328,wonhee
46,122,2017-03-03,08:16:18,8.995774,7.099901,6.792358,1,171.167502,08:16:18,36.13037109375,8.215721130371094,-22.98919105529785,0.2719298303127289,33.94726560555688,-118.1031585382157,35.36781692504883,5,-0.4462266508924577,0.0600017602817873,-0.03164886010885571,-0.47662921316316365,-0.03191119550798011,-0.07041953680261426,-7.182628631591797,8.215721130371094,-22.98919105529785,0.1862250013332078,-0.06129584828148176,0.01999235030322484,wonhee
46,123,2017-03-03,08:16:18,8.995774,7.099901,5.873334,1,171.167502,08:16:18,35.91580200195312,6.598068237304688,-22.81411170959473,0.2719298303127289,33.94726560555688,-118.1031585382157,35.36781692504883,5,-0.5165783872436631,-0.1759086277106398,-0.07182120168327985,-0.4874217307001522,-0.07081299631109432,-0.0707982052770884,-6.792148590087891,6.598068237304688,-22.81411170959473,0.2554834349579175,-0.007078415861321607,0.004476241160205184,wonhee
46,124,2017-03-03,08:16:18,8.995774,7.099901,4.393951,1,171.167502,08:16:18,35.48873901367188,5.817123413085938,-23.51443099975586,0.2719298303127289,33.94726560555688,-118.1031585382157,35.36781692504883,5,-0.4708124837072657,0.01542683476379458,-0.1091783623327044,-0.4829346394505135,-0.047514770235451975,-0.08116684311827231,-6.680591583251953,5.817123413085938,-23.51443099975586,0.328331010783727,0.0006966829411647287,-0.02402011513586068,wonhee
46,125,2017-03-03,08:16:18,8.995774,7.099901,3.195388,1,171.167502,08:16:18,34.24050903320312,3.976348876953125,-23.57278823852539,0.2719298303127289,33.94726560555688,-118.1031585382157,35.36781692504883,5,-0.4942588769681484,-0.1101243856624151,-0.09045712526775355,-0.4859939525606125,-0.06442914676594068,-0.0836766705509949,-6.513240814208984,3.976348876953125,-23.57278823852539,0.368697076058276,-0.05045731527707728,0.02840367829013111,wonhee
48,126,2017-03-03,08:16:19,6.337755,5.494102,2.222404,1,174.000733,08:16:19,31.68783569335938,2.358688354492188,-23.74786376953125,0.2719298303127289,33.94728964384336,-118.1031500888582,34.86828994750977,5,-0.486725238267729,0.05117035774070487,-0.0754184212433968,-0.48619151393704296,-0.03319922253418646,-0.08144565320136259,-7.238399505615234,2.358688354492188,-23.74786376953125,0.3955404082657297,-0.005039499730756942,-0.000957939044101502,wonhee
48,127,2017-03-03,08:16:19,6.337755,5.494102,2.590115,1,174.000733,08:16:19,28.11044311523438,0.4621200561523438,-22.69739723205566,0.2719298303127289,33.94728964384336,-118.1031500888582,34.86828994750977,5,-0.4770260209106064,-0.06411209882210314,0.01396117384561962,-0.4837153990610849,-0.04155052809018675,-0.05567090621965691,-7.573093414306641,0.4621200561523438,-22.69739723205566,0.3792485202971699,-0.0406102771465093,0.02367630103913145,wonhee
48,128,2017-03-03,08:16:19,6.337755,5.494102,1.974498,1,174.000733,08:16:19,24.15841674804688,-0.1514816284179688,-23.33934783935547,0.2719298303127289,33.94728964384336,-118.1031500888582,34.86828994750977,5,-0.413698736942173,-0.01550925510307592,-0.05159398712512016,-0.46479996285514297,-0.03451531642767356,-0.05456950120096969,-7.071041107177734,-0.1514816284179688,-23.33934783935547,0.3649763736993263,0.002112952008868867,0.01327665698237203,wonhee
48,129,2017-03-03,08:16:19,6.337755,5.494102,-0.372861,1,174.000733,08:16:19,20.33786010742188,-1.769134521484375,-23.86458587646484,0.2719298303127289,33.94728964384336,-118.1031500888582,34.86828994750977,5,-0.4842888735684506,0.05676381054979958,-0.1670434999662981,-0.4700650131469548,-0.009855693260488772,-0.0849550506414666,-6.457454681396484,-1.769134521484375,-23.86458587646484,0.2720927717284147,-0.0118878184738957,0.03249802215001893,wonhee
48,130,2017-03-03,08:16:19,6.337755,5.494102,0.017868,1,174.000733,08:16:19,16.63064575195312,-1.936470031738281,-22.17216110229492,0.2719298303127289,33.94728964384336,-118.1031500888582,34.86828994750977,5,-0.458399657343082,0.03717398407939913,0.01549570514544954,-0.46691354481284564,0.002849666215200967,-0.057817654978429875,-6.066989898681641,-1.936470031738281,-22.17216110229492,0.2003165856091441,-0.03064685887630485,0.0293379152005309,wonhee
50,131,2017-03-03,08:16:20,0.000000,2.926554,-1.302776,1,174.000733,08:16:20,12.81863403320312,-3.107887268066406,-21.41349029541016,0.2719298303127289,33.94728964384336,-118.1031500888582,34.86828994750977,5,-0.4494825447193512,0.05977614137932203,-0.09859579283402958,-0.46220445185845294,0.018228707100745048,-0.06883412222867831,-6.792140960693359,-3.107887268066406,-21.41349029541016,0.1317969128708224,0.00199337607592431,-0.01007660261653281,wonhee
50,132,2017-03-03,08:16:20,0.000000,2.926554,-1.666764,1,174.000733,08:16:20,9.696044921875,-3.554122924804688,-20.94661331176758,0.2719298303127289,33.94728964384336,-118.1031500888582,34.86828994750977,5,-0.5192511101432089,0.03329558896954767,-0.03481877912515463,-0.47761596096059866,0.022299118831138297,-0.059644665990316155,-5.788082122802734,-3.554122924804688,-20.94661331176758,0.06243035490585552,-0.02776079120298598,-0.006237123272965576,wonhee
50,133,2017-03-03,08:16:20,0.000000,2.926554,-2.358837,1,174.000733,08:16:20,7.20330810546875,-4.502410888671875,-21.1216926574707,0.2719298303127289,33.94728964384336,-118.1031500888582,34.86828994750977,5,-0.4472583514570495,0.0493003273492821,-0.05669105288892333,-0.46941466417564126,0.02959366304035635,-0.05884672906350941,-5.843868255615234,-4.502410888671875,-21.1216926574707,0.01059645166131628,-0.007274158201442431,-0.003583283246701615,wonhee
50,134,2017-03-03,08:16:20,0.000000,2.926554,-2.234470,1,174.000733,08:16:20,4.459564208984375,-5.921905517578125,-17.64118957519531,0.2719298303127289,33.94728964384336,-118.1031500888582,34.86828994750977,5,-0.5156910554659991,-0.001413751645603895,-0.002261743806219005,-0.4819165187457342,0.021216817348864193,-0.0435599437975871,-6.782325744628906,-5.921905517578125,-17.64118957519531,-0.02578738883523726,-0.06862540023359784,-0.01285827437512058,wonhee
52,135,2017-03-03,08:16:21,0.000000,1.558893,-3.037297,1,174.000733,08:16:21,2.60107421875,-5.866142272949219,-17.9329719543457,0.2719298303127289,33.94728964384336,-118.1031500888582,34.86828994750977,5,-0.464071714631382,0.008646949234949755,-0.06407466006659039,-0.4770956340646093,0.017820989395482923,-0.049102121832442586,-6.280319213867188,-5.866142272949219,-17.9329719543457,-0.007052849514856846,-0.01471316607436077,-0.005844040696069881,wonhee
52,136,2017-03-03,08:16:21,0.000000,1.558893,-1.358936,1,174.000733,08:16:21,1.429595947265625,-6.368125915527344,-17.99132919311523,0.2719298303127289,33.94728964384336,-118.1031500888582,34.86828994750977,5,-0.4905889358356624,0.03726169100104522,0.1013378483568064,-0.4807409333567179,0.02307301569736859,-0.008459829372032261,-6.5592041015625,-6.368125915527344,-17.99132919311523,-0.004724980406018584,-0.009806025449780762,-0.009363408076609594,wonhee
52,137,2017-03-03,08:16:21,0.000000,1.558893,-2.691476,1,174.000733,08:16:21,350.8125305175781,-6.7027587890625,-18.80832099914551,0.2719298303127289,33.94728964384336,-118.1031500888582,34.86828994750977,5,-0.4627683586268101,-0.008871215260315694,-0.09938887797425072,-0.475885530650106,0.014443083270687754,-0.03302487669150006,-6.670783996582031,-6.7027587890625,-18.80832099914551,-0.02581348781392004,-0.0331691387447189,0.001256745718408393,wonhee
